Yr,Mn,Date,date_year,CO2,seasonally adjusted,fit,seasonally adjusted fit,CO2 filled,seasonally adjusted filled,Sta
1964,5,23512,1964.3716,322.25,319.37,322.37,319.49,322.25,319.37, MLO
1964,6,23543,1964.4563,321.9,319.73,321.67,319.53,321.9,319.73, MLO
1964,7,23573,1964.5383,320.44,319.79,320.18,319.56,320.44,319.79, MLO
1964,8,23604,1964.623,318.69,320.04,318.2,319.58,318.69,320.04, MLO
1964,9,23635,1964.7077,316.71,319.68,316.61,319.6,316.71,319.68, MLO
1964,10,23665,1964.7896,316.87,319.92,316.58,319.62,316.87,319.92, MLO
1964,11,23696,1964.8743,317.68,319.59,317.75,319.64,317.68,319.59, MLO
1964,12,23726,1964.9563,318.71,319.49,318.89,319.66,318.71,319.49, MLO
1965,1,23757,1965.0411,319.44,319.38,319.75,319.69,319.44,319.38, MLO
1965,2,23788,1965.126,320.44,319.78,320.4,319.72,320.44,319.78, MLO
1965,3,23816,1965.2027,320.89,319.58,321.09,319.77,320.89,319.58, MLO
1965,4,23847,1965.2877,322.13,319.78,322.2,319.83,322.13,319.78, MLO
1965,5,23877,1965.3699,322.17,319.28,322.79,319.91,322.17,319.28, MLO
1965,6,23908,1965.4548,321.88,319.68,322.18,320,321.88,319.68, MLO
1965,7,23938,1965.537,321.21,320.52,320.75,320.1,321.21,320.52, MLO
1965,8,23969,1965.6219,318.87,320.19,318.85,320.21,318.87,320.19, MLO
1965,9,24000,1965.7068,317.82,320.79,317.33,320.32,317.82,320.79, MLO
1965,10,24030,1965.789,317.3,320.37,317.38,320.43,317.3,320.37, MLO
1965,11,24061,1965.874,318.87,320.79,318.65,320.55,318.87,320.79, MLO
1965,12,24091,1965.9562,319.42,320.2,319.9,320.66,319.42,320.2, MLO
1966,1,24122,1966.0411,320.62,320.57,320.85,320.78,320.62,320.57, MLO
1966,2,24153,1966.126,321.6,320.93,321.57,320.9,321.6,320.93, MLO
1966,3,24181,1966.2027,322.39,321.07,322.33,321.01,322.39,321.07, MLO
1966,4,24212,1966.2877,323.7,321.34,323.49,321.12,323.7,321.34, MLO
1966,5,24242,1966.3699,324.08,321.18,324.11,321.22,324.08,321.18, MLO
1966,6,24273,1966.4548,323.75,321.55,323.5,321.32,323.75,321.55, MLO
1966,7,24303,1966.537,322.37,321.69,322.05,321.4,322.37,321.69, MLO
1966,8,24334,1966.6219,320.36,321.69,320.12,321.48,320.36,321.69, MLO
1966,9,24365,1966.7068,318.64,321.62,318.55,321.55,318.64,321.62, MLO
1966,10,24395,1966.789,318.1,321.18,318.55,321.62,318.1,321.18, MLO
1966,11,24426,1966.874,319.78,321.71,319.78,321.68,319.78,321.71, MLO
1966,12,24456,1966.9562,321.02,321.81,320.97,321.74,321.02,321.81, MLO
1967,1,24487,1967.0411,322.33,322.27,321.87,321.8,322.33,322.27, MLO
1967,2,24518,1967.126,322.5,321.83,322.53,321.85,322.5,321.83, MLO
1967,3,24546,1967.2027,323.03,321.72,323.23,321.9,323.03,321.72, MLO
1967,4,24577,1967.2877,324.41,322.05,324.34,321.96,324.41,322.05, MLO
1967,5,24607,1967.3699,325,322.1,324.92,322.01,325,322.1, MLO
1967,6,24638,1967.4548,324.09,321.89,324.26,322.07,324.09,321.89, MLO
1967,7,24668,1967.537,322.54,321.86,322.79,322.14,322.54,321.86, MLO
1967,8,24699,1967.6219,320.92,322.25,320.84,322.2,320.92,322.25, MLO
1967,9,24730,1967.7068,319.25,322.25,319.27,322.27,319.25,322.25, MLO
1967,10,24760,1967.789,319.39,322.48,319.27,322.35,319.39,322.48, MLO
1967,11,24791,1967.874,320.73,322.66,320.51,322.42,320.73,322.66, MLO
1967,12,24821,1967.9562,321.96,322.74,321.72,322.49,321.96,322.74, MLO
1968,1,24852,1968.041,322.57,322.51,322.64,322.57,322.57,322.51, MLO
1968,2,24883,1968.1257,323.15,322.48,323.33,322.65,323.15,322.48, MLO
1968,3,24912,1968.2049,323.89,322.55,324.09,322.73,323.89,322.55, MLO
1968,4,24943,1968.2896,325.02,322.62,325.24,322.83,325.02,322.62, MLO
1968,5,24973,1968.3716,325.57,322.66,325.83,322.92,325.57,322.66, MLO
1968,6,25004,1968.4563,325.36,323.17,325.2,323.03,325.36,323.17, MLO
1968,7,25034,1968.5383,324.14,323.48,323.77,323.14,324.14,323.48, MLO
1968,8,25065,1968.623,322.11,323.47,321.86,323.25,322.11,323.47, MLO
1968,9,25096,1968.7077,320.33,323.34,320.34,323.37,320.33,323.34, MLO
1968,10,25126,1968.7896,320.25,323.34,320.41,323.49,320.25,323.34, MLO
1968,11,25157,1968.8743,321.32,323.26,321.7,323.62,321.32,323.26, MLO
1968,12,25187,1968.9563,322.89,323.68,322.97,323.75,322.89,323.68, MLO
1969,1,25218,1969.0411,324,323.95,323.95,323.89,324,323.95, MLO
1969,2,25249,1969.126,324.42,323.74,324.71,324.03,324.42,323.74, MLO
1969,3,25277,1969.2027,325.63,324.31,325.5,324.16,325.63,324.31, MLO
1969,4,25308,1969.2877,326.66,324.28,326.7,324.3,326.66,324.28, MLO
1969,5,25338,1969.3699,327.38,324.46,327.35,324.44,327.38,324.46, MLO
1969,6,25369,1969.4548,326.71,324.49,326.77,324.57,326.71,324.49, MLO
1969,7,25399,1969.537,325.88,325.19,325.35,324.69,325.88,325.19, MLO
1969,8,25430,1969.6219,323.66,325,323.42,324.8,323.66,325, MLO
1969,9,25461,1969.7068,322.38,325.39,321.88,324.9,322.38,325.39, MLO
1969,10,25491,1969.789,321.78,324.89,321.9,324.99,321.78,324.89, MLO
1969,11,25522,1969.874,322.85,324.8,323.15,325.08,322.85,324.8, MLO
1969,12,25552,1969.9562,324.11,324.91,324.38,325.16,324.11,324.91, MLO
1970,1,25583,1970.0411,325.06,325,325.31,325.24,325.06,325, MLO
1970,2,25614,1970.126,325.99,325.31,326,325.32,325.99,325.31, MLO
1970,3,25642,1970.2027,326.93,325.6,326.74,325.4,326.93,325.6, MLO
1970,4,25673,1970.2877,328.13,325.75,327.88,325.48,328.13,325.75, MLO
1970,5,25703,1970.3699,328.08,325.15,328.48,325.55,328.08,325.15, MLO
1970,6,25734,1970.4548,327.67,325.44,327.84,325.63,327.67,325.44, MLO
1970,7,25764,1970.537,326.34,325.65,326.36,325.7,326.34,325.65, MLO
1970,8,25795,1970.6219,324.68,326.03,324.39,325.77,324.68,326.03, MLO
1970,9,25826,1970.7068,323.1,326.12,322.8,325.83,323.1,326.12, MLO
1970,10,25856,1970.789,323.07,326.18,322.78,325.88,323.07,326.18, MLO
1970,11,25887,1970.874,324.01,325.96,324,325.93,324.01,325.96, MLO
1970,12,25917,1970.9562,325.13,325.93,325.19,325.97,325.13,325.93, MLO
1971,1,25948,1971.0411,326.17,326.12,326.07,326.01,326.17,326.12, MLO
1971,2,25979,1971.126,326.68,326.01,326.73,326.05,326.68,326.01, MLO
1971,3,26007,1971.2027,327.18,325.84,327.43,326.08,327.18,325.84, MLO
1971,4,26038,1971.2877,327.78,325.39,328.55,326.14,327.78,325.39, MLO
1971,5,26068,1971.3699,328.93,325.99,329.13,326.19,328.93,325.99, MLO
1971,6,26099,1971.4548,328.57,326.34,328.47,326.26,328.57,326.34, MLO
1971,7,26129,1971.537,327.36,326.67,326.99,326.33,327.36,326.67, MLO
1971,8,26160,1971.6219,325.43,326.78,325.02,326.4,325.43,326.78, MLO
1971,9,26191,1971.7068,323.36,326.39,323.43,326.47,323.36,326.39, MLO
1971,10,26221,1971.789,323.56,326.69,323.43,326.54,323.56,326.69, MLO
1971,11,26252,1971.874,324.8,326.75,324.69,326.62,324.8,326.75, MLO
1971,12,26282,1971.9562,326.01,326.81,325.92,326.7,326.01,326.81, MLO
1972,1,26313,1972.041,326.77,326.71,326.85,326.78,326.77,326.71, MLO
1972,2,26344,1972.1257,327.63,326.96,327.56,326.88,327.63,326.96, MLO
1972,3,26373,1972.2049,327.75,326.39,328.35,326.98,327.75,326.39, MLO
1972,4,26404,1972.2896,329.72,327.3,329.54,327.1,329.72,327.3, MLO
1972,5,26434,1972.3716,330.07,327.12,330.17,327.23,330.07,327.12, MLO
1972,6,26465,1972.4563,329.09,326.87,329.58,327.38,329.09,326.87, MLO
1972,7,26495,1972.5383,328.04,327.37,328.18,327.54,328.04,327.37, MLO
1972,8,26526,1972.623,326.32,327.7,326.31,327.72,326.32,327.7, MLO
1972,9,26557,1972.7077,324.84,327.89,324.85,327.91,324.84,327.89, MLO
1972,10,26587,1972.7896,325.2,328.33,324.99,328.11,325.2,328.33, MLO
1972,11,26618,1972.8743,326.5,328.46,326.38,328.31,326.5,328.46, MLO
1972,12,26648,1972.9563,327.55,328.35,327.73,328.51,327.55,328.35, MLO
1973,1,26679,1973.0411,328.55,328.49,328.79,328.72,328.55,328.49, MLO
1973,2,26710,1973.126,329.57,328.89,329.61,328.92,329.57,328.89, MLO
1973,3,26738,1973.2027,330.3,328.96,330.46,329.1,330.3,328.96, MLO
1973,4,26769,1973.2877,331.5,329.09,331.72,329.3,331.5,329.09, MLO
1973,5,26799,1973.3699,332.48,329.53,332.43,329.47,332.48,329.53, MLO
1973,6,26830,1973.4548,332.08,329.83,331.86,329.63,332.08,329.83, MLO
1973,7,26860,1973.537,330.87,330.17,330.43,329.77,330.87,330.17, MLO
1973,8,26891,1973.6219,329.31,330.67,328.48,329.88,329.31,330.67, MLO
1973,9,26922,1973.7068,327.52,330.57,326.89,329.96,327.52,330.57, MLO
1973,10,26952,1973.789,327.19,330.33,326.88,330.01,327.19,330.33, MLO
1973,11,26983,1973.874,328.17,330.13,328.1,330.05,328.17,330.13, MLO
1973,12,27013,1973.9562,328.65,329.45,329.29,330.07,328.65,329.45, MLO
1974,1,27044,1974.0411,329.36,329.3,330.17,330.1,329.36,329.3, MLO
1974,2,27075,1974.126,330.71,330.03,330.81,330.12,330.71,330.03, MLO
1974,3,27103,1974.2027,331.49,330.14,331.51,330.15,331.49,330.14, MLO
1974,4,27134,1974.2877,332.65,330.24,332.62,330.19,332.65,330.24, MLO
1974,5,27164,1974.3699,333.1,330.13,333.19,330.23,333.1,330.13, MLO
1974,6,27195,1974.4548,332.26,330.01,332.51,330.27,332.26,330.01, MLO
1974,7,27225,1974.537,331.18,330.48,330.99,330.32,331.18,330.48, MLO
1974,8,27256,1974.6219,329.4,330.76,328.97,330.37,329.4,330.76, MLO
1974,9,27287,1974.7068,327.44,330.5,327.35,330.42,327.44,330.5, MLO
1974,10,27317,1974.789,327.38,330.53,327.33,330.47,327.38,330.53, MLO
1974,11,27348,1974.874,328.46,330.44,328.58,330.53,328.46,330.44, MLO
1974,12,27378,1974.9562,329.58,330.38,329.8,330.59,329.58,330.38, MLO
1975,1,27409,1975.0411,330.41,330.35,330.73,330.66,330.41,330.35, MLO
1975,2,27440,1975.126,331.41,330.73,331.44,330.74,331.41,330.73, MLO
1975,3,27468,1975.2027,332.05,330.7,332.19,330.82,332.05,330.7, MLO
1975,4,27499,1975.2877,333.32,330.89,333.36,330.92,333.32,330.89, MLO
1975,5,27529,1975.3699,333.98,331.01,333.98,331.01,333.98,331.01, MLO
1975,6,27560,1975.4548,333.62,331.35,333.35,331.11,333.62,331.35, MLO
1975,7,27590,1975.537,331.91,331.21,331.88,331.21,331.91,331.21, MLO
1975,8,27621,1975.6219,330.06,331.43,329.9,331.3,330.06,331.43, MLO
1975,9,27652,1975.7068,328.56,331.63,328.31,331.39,328.56,331.63, MLO
1975,10,27682,1975.789,328.35,331.51,328.33,331.48,328.35,331.51, MLO
1975,11,27713,1975.874,329.5,331.48,329.61,331.56,329.5,331.48, MLO
1975,12,27743,1975.9562,330.77,331.58,330.85,331.64,330.77,331.58, MLO
1976,1,27774,1976.041,331.76,331.7,331.79,331.72,331.76,331.7, MLO
1976,2,27805,1976.1257,332.58,331.89,332.5,331.8,332.58,331.89, MLO
1976,3,27834,1976.2049,333.5,332.13,333.27,331.88,333.5,332.13, MLO
1976,4,27865,1976.2896,334.59,332.14,334.43,331.96,334.59,332.14, MLO
1976,5,27895,1976.3716,334.89,331.91,335.01,332.04,334.89,331.91, MLO
1976,6,27926,1976.4563,334.34,332.1,334.34,332.12,334.34,332.1, MLO
1976,7,27956,1976.5383,333.06,332.39,332.85,332.21,333.06,332.39, MLO
1976,8,27987,1976.623,330.95,332.35,330.87,332.3,330.95,332.35, MLO
1976,9,28018,1976.7077,329.31,332.4,329.3,332.4,329.31,332.4, MLO
1976,10,28048,1976.7896,328.95,332.11,329.36,332.52,328.95,332.11, MLO
1976,11,28079,1976.8743,330.32,332.3,330.69,332.64,330.32,332.3, MLO
1976,12,28109,1976.9563,331.69,332.5,331.99,332.78,331.69,332.5, MLO
1977,1,28140,1977.0411,332.94,332.88,333.01,332.94,332.94,332.88, MLO
1977,2,28171,1977.126,333.43,332.75,333.81,333.12,333.43,332.75, MLO
1977,3,28199,1977.2027,334.71,333.36,334.65,333.28,334.71,333.36, MLO
1977,4,28230,1977.2877,336.08,333.64,335.92,333.46,336.08,333.64, MLO
1977,5,28260,1977.3699,336.76,333.77,336.63,333.64,336.76,333.77, MLO
1977,6,28291,1977.4548,336.28,334,336.08,333.82,336.28,334, MLO
1977,7,28321,1977.537,334.93,334.22,334.67,333.99,334.93,334.22, MLO
1977,8,28352,1977.6219,332.76,334.14,332.75,334.16,332.76,334.14, MLO
1977,9,28383,1977.7068,331.6,334.69,331.22,334.32,331.6,334.69, MLO
1977,10,28413,1977.789,331.17,334.35,331.3,334.46,331.17,334.35, MLO
1977,11,28444,1977.874,332.41,334.4,332.64,334.61,332.41,334.4, MLO
1977,12,28474,1977.9562,333.86,334.67,333.95,334.74,333.86,334.67, MLO
1978,1,28505,1978.0411,334.98,334.92,334.95,334.88,334.98,334.92, MLO
1978,2,28536,1978.126,335.4,334.71,335.71,335.02,335.4,334.71, MLO
1978,3,28564,1978.2027,336.65,335.29,336.51,335.14,336.65,335.29, MLO
1978,4,28595,1978.2877,337.76,335.32,337.72,335.26,337.76,335.32, MLO
1978,5,28625,1978.3699,338.02,335.02,338.38,335.38,338.02,335.02, MLO
1978,6,28656,1978.4548,337.91,335.63,337.76,335.5,337.91,335.63, MLO
1978,7,28686,1978.537,336.55,335.84,336.28,335.6,336.55,335.84, MLO
1978,8,28717,1978.6219,334.69,336.07,334.3,335.71,334.69,336.07, MLO
1978,9,28748,1978.7068,332.77,335.86,332.7,335.81,332.77,335.86, MLO
1978,10,28778,1978.789,332.56,335.74,332.72,335.9,332.56,335.74, MLO
1978,11,28809,1978.874,333.93,335.93,334.02,336,333.93,335.93, MLO
1978,12,28839,1978.9562,334.96,335.77,335.3,336.09,334.96,335.77, MLO
1979,1,28870,1979.0411,336.24,336.18,336.27,336.2,336.24,336.18, MLO
1979,2,28901,1979.126,336.77,336.08,337.02,336.31,336.77,336.08, MLO
1979,3,28929,1979.2027,337.97,336.61,337.8,336.42,337.97,336.61, MLO
1979,4,28960,1979.2877,338.89,336.44,339.02,336.55,338.89,336.44, MLO
1979,5,28990,1979.3699,339.48,336.48,339.68,336.68,339.48,336.48, MLO
1979,6,29021,1979.4548,339.3,337.01,339.08,336.81,339.3,337.01, MLO
1979,7,29051,1979.537,337.74,337.03,337.63,336.95,337.74,337.03, MLO
1979,8,29082,1979.6219,336.1,337.48,335.67,337.09,336.1,337.48, MLO
1979,9,29113,1979.7068,333.93,337.03,334.12,337.23,333.93,337.03, MLO
1979,10,29143,1979.789,333.87,337.07,334.19,337.38,333.87,337.07, MLO
1979,11,29174,1979.874,335.3,337.3,335.56,337.54,335.3,337.3, MLO
1979,12,29204,1979.9562,336.74,337.56,336.89,337.69,336.74,337.56, MLO
1980,1,29235,1980.041,338.03,337.97,337.93,337.86,338.03,337.97, MLO
1980,2,29266,1980.1257,338.37,337.68,338.73,338.03,338.37,337.68, MLO
1980,3,29295,1980.2049,340.09,338.69,339.59,338.18,340.09,338.69, MLO
1980,4,29326,1980.2896,340.78,338.3,340.84,338.35,340.78,338.3, MLO
1980,5,29356,1980.3716,341.48,338.47,341.51,338.5,341.48,338.47, MLO
1980,6,29387,1980.4563,341.19,338.91,340.89,338.64,341.19,338.91, MLO
1980,7,29417,1980.5383,339.57,338.89,339.43,338.78,339.57,338.89, MLO
1980,8,29448,1980.623,337.61,339.02,337.46,338.91,337.61,339.02, MLO
1980,9,29479,1980.7077,335.9,339.02,335.9,339.03,335.9,339.02, MLO
1980,10,29509,1980.7896,336.03,339.23,335.95,339.14,336.03,339.23, MLO
1980,11,29540,1980.8743,337.12,339.12,337.27,339.25,337.12,339.12, MLO
1980,12,29570,1980.9563,338.23,339.05,338.56,339.36,338.23,339.05, MLO
1981,1,29601,1981.0411,339.25,339.19,339.53,339.46,339.25,339.19, MLO
1981,2,29632,1981.126,340.5,339.8,340.27,339.56,340.5,339.8, MLO
1981,3,29660,1981.2027,341.4,340.03,341.04,339.65,341.4,340.03, MLO
1981,4,29691,1981.2877,342.52,340.06,342.23,339.74,342.52,340.06, MLO
1981,5,29721,1981.3699,342.93,339.91,342.85,339.83,342.93,339.91, MLO
1981,6,29752,1981.4548,342.27,339.97,342.19,339.91,342.27,339.97, MLO
1981,7,29782,1981.537,340.5,339.79,340.68,340,340.5,339.79, MLO
1981,8,29813,1981.6219,338.45,339.84,338.66,340.09,338.45,339.84, MLO
1981,9,29844,1981.7068,336.71,339.83,337.05,340.18,336.71,339.83, MLO
1981,10,29874,1981.789,336.88,340.09,337.08,340.28,336.88,340.09, MLO
1981,11,29905,1981.874,338.38,340.4,338.4,340.39,338.38,340.4, MLO
1981,12,29935,1981.9562,339.63,340.45,339.69,340.5,339.63,340.45, MLO
1982,1,29966,1982.0411,340.77,340.71,340.68,340.61,340.77,340.71, MLO
1982,2,29997,1982.126,341.63,340.94,341.42,340.71,341.63,340.94, MLO
1982,3,30025,1982.2027,342.72,341.34,342.19,340.8,342.72,341.34, MLO
1982,4,30056,1982.2877,343.59,341.11,343.38,340.89,343.59,341.11, MLO
1982,5,30086,1982.3699,344.16,341.12,344.01,340.98,344.16,341.12, MLO
1982,6,30117,1982.4548,343.37,341.06,343.34,341.06,343.37,341.06, MLO
1982,7,30147,1982.537,342.07,341.36,341.82,341.13,342.07,341.36, MLO
1982,8,30178,1982.6219,339.83,341.22,339.79,341.22,339.83,341.22, MLO
1982,9,30209,1982.7068,338,341.13,338.16,341.3,338,341.13, MLO
1982,10,30239,1982.789,337.88,341.11,338.19,341.4,337.88,341.11, MLO
1982,11,30270,1982.874,339.28,341.3,339.52,341.51,339.28,341.3, MLO
1982,12,30300,1982.9562,340.51,341.33,340.84,341.64,340.51,341.33, MLO
1983,1,30331,1983.0411,341.4,341.34,341.87,341.8,341.4,341.34, MLO
1983,2,30362,1983.126,342.54,341.84,342.68,341.97,342.54,341.84, MLO
1983,3,30390,1983.2027,343.12,341.74,343.53,342.13,343.12,341.74, MLO
1983,4,30421,1983.2877,344.96,342.48,344.82,342.33,344.96,342.48, MLO
1983,5,30451,1983.3699,345.77,342.73,345.56,342.51,345.77,342.73, MLO
1983,6,30482,1983.4548,345.34,343.02,345,342.71,345.34,343.02, MLO
1983,7,30512,1983.537,344,343.28,343.57,342.88,344,343.28, MLO
1983,8,30543,1983.6219,342.4,343.8,341.62,343.06,342.4,343.8, MLO
1983,9,30574,1983.7068,339.89,343.02,340.07,343.22,339.89,343.02, MLO
1983,10,30604,1983.789,340.01,343.24,340.15,343.37,340.01,343.24, MLO
1983,11,30635,1983.874,341.16,343.19,341.52,343.52,341.16,343.19, MLO
1983,12,30665,1983.9562,342.99,343.81,342.86,343.67,342.99,343.81, MLO
1984,1,30696,1984.041,343.82,343.76,343.88,343.81,343.82,343.76, MLO
1984,2,30727,1984.1257,344.62,343.92,344.66,343.95,344.62,343.92, MLO
1984,3,30756,1984.2049,345.38,343.98,345.5,344.08,345.38,343.98, MLO
1984,4,30787,1984.2896,347.15,344.64,346.74,344.21,347.15,344.64, MLO
1984,5,30817,1984.3716,347.52,344.47,347.38,344.33,347.52,344.47, MLO
1984,6,30848,1984.4563,346.88,344.58,346.73,344.45,346.88,344.58, MLO
1984,7,30878,1984.5383,345.47,344.78,345.23,344.57,345.47,344.78, MLO
1984,8,30909,1984.623,343.34,344.77,343.22,344.68,343.34,344.77, MLO
1984,9,30940,1984.7077,341.13,344.29,341.62,344.8,341.13,344.29, MLO
1984,10,30970,1984.7896,341.4,344.64,341.68,344.91,341.4,344.64, MLO
1984,11,31001,1984.8743,343.02,345.05,343.03,345.03,343.02,345.05, MLO
1984,12,31031,1984.9563,344.25,345.08,344.34,345.15,344.25,345.08, MLO
1985,1,31062,1985.0411,344.99,344.93,345.35,345.28,344.99,344.93, MLO
1985,2,31093,1985.126,346.01,345.31,346.11,345.4,346.01,345.31, MLO
1985,3,31121,1985.2027,347.43,346.04,346.91,345.51,347.43,346.04, MLO
1985,4,31152,1985.2877,348.34,345.85,348.13,345.62,348.34,345.85, MLO
1985,5,31182,1985.3699,348.92,345.86,348.78,345.72,348.92,345.86, MLO
1985,6,31213,1985.4548,348.24,345.91,348.13,345.82,348.24,345.91, MLO
1985,7,31243,1985.537,346.54,345.81,346.6,345.91,346.54,345.81, MLO
1985,8,31274,1985.6219,344.64,346.05,344.56,346,344.64,346.05, MLO
1985,9,31305,1985.7068,343.06,346.21,342.91,346.08,343.06,346.21, MLO
1985,10,31335,1985.789,342.77,346.03,342.92,346.17,342.77,346.03, MLO
1985,11,31366,1985.874,344.21,346.25,344.24,346.26,344.21,346.25, MLO
1985,12,31396,1985.9562,345.53,346.36,345.53,346.35,345.53,346.36, MLO
1986,1,31427,1986.0411,346.28,346.22,346.52,346.45,346.28,346.22, MLO
1986,2,31458,1986.126,346.93,346.23,347.27,346.56,346.93,346.23, MLO
1986,3,31486,1986.2027,347.83,346.44,348.07,346.67,347.83,346.44, MLO
1986,4,31517,1986.2877,349.53,347.03,349.31,346.79,349.53,347.03, MLO
1986,5,31547,1986.3699,350.19,347.12,349.98,346.91,350.19,347.12, MLO
1986,6,31578,1986.4548,349.54,347.2,349.36,347.04,349.54,347.2, MLO
1986,7,31608,1986.537,347.92,347.19,347.86,347.17,347.92,347.19, MLO
1986,8,31639,1986.6219,345.88,347.29,345.85,347.3,345.88,347.29, MLO
1986,9,31670,1986.7068,344.83,348,344.25,347.43,344.83,348, MLO
1986,10,31700,1986.789,344.16,347.42,344.3,347.55,344.16,347.42, MLO
1986,11,31731,1986.874,345.64,347.68,345.66,347.68,345.64,347.68, MLO
1986,12,31761,1986.9562,346.88,347.71,347,347.82,346.88,347.71, MLO
1987,1,31792,1987.0411,348,347.94,348.03,347.96,348,347.94, MLO
1987,2,31823,1987.126,348.47,347.76,348.83,348.11,348.47,347.76, MLO
1987,3,31851,1987.2027,349.41,348.01,349.67,348.26,349.41,348.01, MLO
1987,4,31882,1987.2877,350.97,348.46,350.96,348.44,350.97,348.46, MLO
1987,5,31912,1987.3699,351.84,348.76,351.69,348.61,351.84,348.76, MLO
1987,6,31943,1987.4548,351.25,348.91,351.12,348.8,351.25,348.91, MLO
1987,7,31973,1987.537,349.5,348.77,349.68,348.98,349.5,348.77, MLO
1987,8,32004,1987.6219,348.08,349.5,347.72,349.17,348.08,349.5, MLO
1987,9,32035,1987.7068,346.44,349.61,346.18,349.37,346.44,349.61, MLO
1987,10,32065,1987.789,346.09,349.37,346.3,349.56,346.09,349.37, MLO
1987,11,32096,1987.874,347.54,349.59,347.74,349.76,347.54,349.59, MLO
1987,12,32126,1987.9562,348.69,349.53,349.15,349.96,348.69,349.53, MLO
1988,1,32157,1988.041,350.16,350.1,350.24,350.17,350.16,350.1, MLO
1988,2,32188,1988.1257,351.47,350.76,351.1,350.38,351.47,350.76, MLO
1988,3,32217,1988.2049,351.96,350.53,352.01,350.57,351.96,350.53, MLO
1988,4,32248,1988.2896,353.33,350.79,353.33,350.77,353.33,350.79, MLO
1988,5,32278,1988.3716,353.97,350.88,354.05,350.96,353.97,350.88, MLO
1988,6,32309,1988.4563,353.55,351.23,353.45,351.15,353.55,351.23, MLO
1988,7,32339,1988.5383,352.14,351.44,351.99,351.32,352.14,351.44, MLO
1988,8,32370,1988.623,350.19,351.64,350.01,351.49,350.19,351.64, MLO
1988,9,32401,1988.7077,348.5,351.69,348.44,351.65,348.5,351.69, MLO
1988,10,32431,1988.7896,348.66,351.94,348.53,351.79,348.66,351.94, MLO
1988,11,32462,1988.8743,349.85,351.9,349.9,351.92,349.85,351.9, MLO
1988,12,32492,1988.9563,351.12,351.96,351.23,352.05,351.12,351.96, MLO
1989,1,32523,1989.0411,352.55,352.49,352.24,352.17,352.55,352.49, MLO
1989,2,32554,1989.126,352.86,352.15,353,352.28,352.86,352.15, MLO
1989,3,32582,1989.2027,353.48,352.07,353.8,352.38,353.48,352.07, MLO
1989,4,32613,1989.2877,355.21,352.69,355.03,352.49,355.21,352.69, MLO
1989,5,32643,1989.3699,355.47,352.38,355.68,352.59,355.47,352.38, MLO
1989,6,32674,1989.4548,354.92,352.57,355.02,352.69,354.92,352.57, MLO
1989,7,32704,1989.537,353.7,352.96,353.48,352.78,353.7,352.96, MLO
1989,8,32735,1989.6219,351.47,352.89,351.42,352.88,351.47,352.89, MLO
1989,9,32766,1989.7068,349.61,352.8,349.77,352.98,349.61,352.8, MLO
1989,10,32796,1989.789,349.79,353.08,349.8,353.08,349.79,353.08, MLO
1989,11,32827,1989.874,351.1,353.15,351.14,353.18,351.1,353.15, MLO
1989,12,32857,1989.9562,352.32,353.16,352.45,353.28,352.32,353.16, MLO
1990,1,32888,1990.0411,353.46,353.4,353.45,353.38,353.46,353.4, MLO
1990,2,32919,1990.126,354.5,353.79,354.21,353.48,354.5,353.79, MLO
1990,3,32947,1990.2027,355.19,353.78,355,353.58,355.19,353.78, MLO
1990,4,32978,1990.2877,356,353.47,356.23,353.68,356,353.47, MLO
1990,5,33008,1990.3699,356.96,353.86,356.89,353.79,356.96,353.86, MLO
1990,6,33039,1990.4548,356.04,353.68,356.24,353.9,356.04,353.68, MLO
1990,7,33069,1990.537,354.62,353.89,354.72,354.02,354.62,353.89, MLO
1990,8,33100,1990.6219,352.71,354.14,352.69,354.15,352.71,354.14, MLO
1990,9,33131,1990.7068,350.77,353.98,351.07,354.29,350.77,353.98, MLO
1990,10,33161,1990.789,350.99,354.29,351.15,354.43,350.99,354.29, MLO
1990,11,33192,1990.874,352.64,354.7,352.54,354.58,352.64,354.7, MLO
1990,12,33222,1990.9562,354.02,354.86,353.9,354.73,354.02,354.86, MLO
1991,1,33253,1991.0411,354.53,354.46,354.95,354.87,354.53,354.46, MLO
1991,2,33284,1991.126,355.55,354.84,355.74,355.01,355.55,354.84, MLO
1991,3,33312,1991.2027,356.96,355.55,356.56,355.13,356.96,355.55, MLO
1991,4,33343,1991.2877,358.4,355.86,357.8,355.25,358.4,355.86, MLO
1991,5,33373,1991.3699,359.14,356.03,358.45,355.34,359.14,356.03, MLO
1991,6,33404,1991.4548,358.04,355.68,357.77,355.42,358.04,355.68, MLO
1991,7,33434,1991.537,355.98,355.24,356.19,355.48,355.98,355.24, MLO
1991,8,33465,1991.6219,353.81,355.24,354.08,355.54,353.81,355.24, MLO
1991,9,33496,1991.7068,351.95,355.16,352.37,355.6,351.95,355.16, MLO
1991,10,33526,1991.789,352.02,355.33,352.36,355.66,352.02,355.33, MLO
1991,11,33557,1991.874,353.55,355.62,353.68,355.72,353.55,355.62, MLO
1991,12,33587,1991.9562,354.79,355.63,354.96,355.79,354.79,355.63, MLO
1992,1,33618,1992.041,355.79,355.73,355.93,355.86,355.79,355.73, MLO
1992,2,33649,1992.1257,356.52,355.81,356.66,355.93,356.52,355.81, MLO
1992,3,33678,1992.2049,357.61,356.17,357.45,356,357.61,356.17, MLO
1992,4,33709,1992.2896,358.95,356.38,358.64,356.06,358.95,356.38, MLO
1992,5,33739,1992.3716,359.46,356.34,359.23,356.11,359.46,356.34, MLO
1992,6,33770,1992.4563,359.05,356.7,358.48,356.16,359.05,356.7, MLO
1992,7,33800,1992.5383,356.82,356.11,356.87,356.19,356.82,356.11, MLO
1992,8,33831,1992.623,354.8,356.26,354.73,356.22,354.8,356.26, MLO
1992,9,33862,1992.7077,352.81,356.04,353.01,356.26,352.81,356.04, MLO
1992,10,33892,1992.7896,353.11,356.42,352.99,356.29,353.11,356.42, MLO
1992,11,33923,1992.8743,353.96,356.03,354.28,356.32,353.96,356.03, MLO
1992,12,33953,1992.9563,355.2,356.05,355.54,356.37,355.2,356.05, MLO
1993,1,33984,1993.0411,356.5,356.44,356.49,356.42,356.5,356.44, MLO
1993,2,34015,1993.126,356.97,356.25,357.21,356.48,356.97,356.25, MLO
1993,3,34043,1993.2027,358.18,356.76,357.98,356.55,358.18,356.76, MLO
1993,4,34074,1993.2877,359.26,356.71,359.19,356.62,359.26,356.71, MLO
1993,5,34104,1993.3699,360.08,356.95,359.83,356.71,360.08,356.95, MLO
1993,6,34135,1993.4548,359.4,357.02,359.16,356.8,359.4,357.02, MLO
1993,7,34165,1993.537,357.38,356.64,357.6,356.9,357.38,356.64, MLO
1993,8,34196,1993.6219,355.33,356.76,355.54,357.01,355.33,356.76, MLO
1993,9,34227,1993.7068,353.5,356.73,353.89,357.14,353.5,356.73, MLO
1993,10,34257,1993.789,353.8,357.12,353.96,357.27,353.8,357.12, MLO
1993,11,34288,1993.874,355.15,357.23,355.37,357.43,355.15,357.23, MLO
1993,12,34318,1993.9562,356.62,357.46,356.75,357.59,356.62,357.46, MLO
1994,1,34349,1994.0411,358.19,358.13,357.83,357.76,358.19,358.13, MLO
1994,2,34380,1994.126,358.73,358.01,358.66,357.93,358.73,358.01, MLO
1994,3,34408,1994.2027,359.79,358.37,359.52,358.08,359.79,358.37, MLO
1994,4,34439,1994.2877,361.09,358.53,360.83,358.25,361.09,358.53, MLO
1994,5,34469,1994.3699,361.51,358.38,361.55,358.41,361.51,358.38, MLO
1994,6,34500,1994.4548,360.78,358.39,360.95,358.58,360.78,358.39, MLO
1994,7,34530,1994.537,359.38,358.63,359.46,358.75,359.38,358.63, MLO
1994,8,34561,1994.6219,357.31,358.75,357.44,358.92,357.31,358.75, MLO
1994,9,34592,1994.7068,355.68,358.92,355.85,359.1,355.68,358.92, MLO
1994,10,34622,1994.789,355.83,359.17,355.95,359.28,355.83,359.17, MLO
1994,11,34653,1994.874,357.42,359.51,357.4,359.46,357.42,359.51, MLO
1994,12,34683,1994.9562,358.87,359.73,358.81,359.64,358.87,359.73, MLO
1995,1,34714,1995.0411,359.81,359.75,359.9,359.83,359.81,359.75, MLO
1995,2,34745,1995.126,360.84,360.12,360.74,360.01,360.84,360.12, MLO
1995,3,34773,1995.2027,361.48,360.05,361.62,360.17,361.48,360.05, MLO
1995,4,34804,1995.2877,363.3,360.73,362.93,360.35,363.3,360.73, MLO
1995,5,34834,1995.3699,363.64,360.5,363.66,360.52,363.64,360.5, MLO
1995,6,34865,1995.4548,363.11,360.72,363.05,360.68,363.11,360.72, MLO
1995,7,34895,1995.537,361.75,361,361.55,360.84,361.75,361, MLO
1995,8,34926,1995.6219,359.31,360.75,359.52,361,359.31,360.75, MLO
1995,9,34957,1995.7068,357.91,361.16,357.9,361.17,357.91,361.16, MLO
1995,10,34987,1995.789,357.62,360.96,357.99,361.32,357.62,360.96, MLO
1995,11,35018,1995.874,359.42,361.52,359.41,361.48,359.42,361.52, MLO
1995,12,35048,1995.9562,360.56,361.41,360.8,361.64,360.56,361.41, MLO
1996,1,35079,1996.041,361.91,361.85,361.87,361.79,361.91,361.85, MLO
1996,2,35110,1996.1257,363.11,362.38,362.67,361.94,363.11,362.38, MLO
1996,3,35139,1996.2049,363.89,362.43,363.54,362.07,363.89,362.43, MLO
1996,4,35170,1996.2896,364.58,361.98,364.81,362.2,364.58,361.98, MLO
1996,5,35200,1996.3716,365.29,362.13,365.47,362.31,365.29,362.13, MLO
1996,6,35231,1996.4563,364.84,362.47,364.78,362.42,364.84,362.47, MLO
1996,7,35261,1996.5383,363.52,362.8,363.21,362.52,363.52,362.8, MLO
1996,8,35292,1996.623,361.35,362.82,361.1,362.62,361.35,362.82, MLO
1996,9,35323,1996.7077,359.32,362.58,359.42,362.7,359.32,362.58, MLO
1996,10,35353,1996.7896,359.48,362.83,359.44,362.78,359.48,362.83, MLO
1996,11,35384,1996.8743,360.64,362.73,360.79,362.86,360.64,362.73, MLO
1996,12,35414,1996.9563,362.21,363.06,362.1,362.94,362.21,363.06, MLO
1997,1,35445,1997.0411,363.06,363,363.1,363.02,363.06,363, MLO
1997,2,35476,1997.126,363.87,363.14,363.85,363.11,363.87,363.14, MLO
1997,3,35504,1997.2027,364.44,363.01,364.65,363.2,364.44,363.01, MLO
1997,4,35535,1997.2877,366.23,363.65,365.91,363.31,366.23,363.65, MLO
1997,5,35565,1997.3699,366.68,363.51,366.59,363.43,366.68,363.51, MLO
1997,6,35596,1997.4548,365.52,363.11,365.95,363.56,365.52,363.11, MLO
1997,7,35626,1997.537,364.36,363.61,364.43,363.71,364.36,363.61, MLO
1997,8,35657,1997.6219,362.39,363.84,362.4,363.89,362.39,363.84, MLO
1997,9,35688,1997.7068,360.08,363.34,360.81,364.09,360.08,363.34, MLO
1997,10,35718,1997.789,360.67,364.03,360.95,364.31,360.67,364.03, MLO
1997,11,35749,1997.874,362.32,364.43,362.47,364.55,362.32,364.43, MLO
1997,12,35779,1997.9562,364.17,365.02,363.96,364.8,364.17,365.02, MLO
1998,1,35810,1998.0411,365.22,365.16,365.14,365.07,365.22,365.16, MLO
1998,2,35841,1998.126,366.04,365.31,366.08,365.35,366.04,365.31, MLO
1998,3,35869,1998.2027,367.2,365.76,367.05,365.6,367.2,365.76, MLO
1998,4,35900,1998.2877,368.5,365.91,368.48,365.87,368.5,365.91, MLO
1998,5,35930,1998.3699,369.19,366.01,369.31,366.13,369.19,366.01, MLO
1998,6,35961,1998.4548,368.77,366.35,368.79,366.4,368.77,366.35, MLO
1998,7,35991,1998.537,367.53,366.78,367.35,366.64,367.53,366.78, MLO
1998,8,36022,1998.6219,365.67,367.13,365.38,366.87,365.67,367.13, MLO
1998,9,36053,1998.7068,363.8,367.08,363.8,367.09,363.8,367.08, MLO
1998,10,36083,1998.789,364.13,367.51,363.92,367.28,364.13,367.51, MLO
1998,11,36114,1998.874,365.36,367.47,365.37,367.46,365.36,367.47, MLO
1998,12,36144,1998.9562,366.87,367.73,366.76,367.61,366.87,367.73, MLO
1999,1,36175,1999.0411,368.05,367.99,367.82,367.74,368.05,367.99, MLO
1999,2,36206,1999.126,368.77,368.04,368.6,367.86,368.77,368.04, MLO
1999,3,36234,1999.2027,369.49,368.05,369.41,367.95,369.49,368.05, MLO
1999,4,36265,1999.2877,371.04,368.44,370.64,368.03,371.04,368.44, MLO
1999,5,36295,1999.3699,370.9,367.72,371.28,368.1,370.9,367.72, MLO
1999,6,36326,1999.4548,370.25,367.83,370.57,368.17,370.25,367.83, MLO
1999,7,36356,1999.537,369.17,368.41,368.96,368.24,369.17,368.41, MLO
1999,8,36387,1999.6219,366.83,368.29,366.81,368.31,366.83,368.29, MLO
1999,9,36418,1999.7068,364.54,367.82,365.08,368.38,364.54,367.82, MLO
1999,10,36448,1999.789,365.04,368.42,365.09,368.46,365.04,368.42, MLO
1999,11,36479,1999.874,366.58,368.7,366.45,368.55,366.58,368.7, MLO
1999,12,36509,1999.9562,367.92,368.78,367.79,368.63,367.92,368.78, MLO
2000,1,36540,2000.041,369.05,368.99,368.8,368.73,369.05,368.99, MLO
2000,2,36571,2000.1257,369.37,368.64,369.56,368.82,369.37,368.64, MLO
2000,3,36600,2000.2049,370.42,368.95,370.41,368.92,370.42,368.95, MLO
2000,4,36631,2000.2896,371.57,368.94,371.67,369.03,371.57,368.94, MLO
2000,5,36661,2000.3716,371.74,368.55,372.33,369.15,371.74,368.55, MLO
2000,6,36692,2000.4563,371.6,369.2,371.66,369.28,371.6,369.2, MLO
2000,7,36722,2000.5383,370.02,369.3,370.1,369.41,370.02,369.3, MLO
2000,8,36753,2000.623,368.03,369.52,368.02,369.55,368.03,369.52, MLO
2000,9,36784,2000.7077,366.53,369.83,366.38,369.7,366.53,369.83, MLO
2000,10,36814,2000.7896,366.64,370.03,366.46,369.84,366.64,370.03, MLO
2000,11,36845,2000.8743,368.2,370.32,367.88,369.98,368.2,370.32, MLO
2000,12,36875,2000.9563,369.44,370.3,369.26,370.11,369.44,370.3, MLO
2001,1,36906,2001.0411,370.2,370.13,370.31,370.24,370.2,370.13, MLO
2001,2,36937,2001.126,371.42,370.68,371.11,370.36,371.42,370.68, MLO
2001,3,36965,2001.2027,372.04,370.59,371.94,370.47,372.04,370.59, MLO
2001,4,36996,2001.2877,372.78,370.17,373.22,370.59,372.78,370.17, MLO
2001,5,37026,2001.3699,373.94,370.74,373.91,370.71,373.94,370.74, MLO
2001,6,37057,2001.4548,373.23,370.8,373.25,370.84,373.23,370.8, MLO
2001,7,37087,2001.537,371.54,370.78,371.7,370.97,371.54,370.78, MLO
2001,8,37118,2001.6219,369.47,370.94,369.61,371.12,369.47,370.94, MLO
2001,9,37149,2001.7068,367.88,371.18,367.95,371.27,367.88,371.18, MLO
2001,10,37179,2001.789,368.02,371.42,368.04,371.43,368.02,371.42, MLO
2001,11,37210,2001.874,369.6,371.73,369.48,371.59,369.6,371.73, MLO
2001,12,37240,2001.9562,371.15,372.02,370.9,371.75,371.15,372.02, MLO
2002,1,37271,2002.0411,372.36,372.29,372,371.92,372.36,372.29, MLO
2002,2,37302,2002.126,373,372.27,372.84,372.1,373,372.27, MLO
2002,3,37330,2002.2027,373.44,371.98,373.73,372.26,373.44,371.98, MLO
2002,4,37361,2002.2877,374.77,372.16,375.08,372.45,374.77,372.16, MLO
2002,5,37391,2002.3699,375.48,372.27,375.85,372.64,375.48,372.27, MLO
2002,6,37422,2002.4548,375.34,372.89,375.27,372.85,375.34,372.89, MLO
2002,7,37452,2002.537,373.95,373.19,373.79,373.06,373.95,373.19, MLO
2002,8,37483,2002.6219,371.41,372.88,371.78,373.29,371.41,372.88, MLO
2002,9,37514,2002.7068,370.63,373.94,370.2,373.52,370.63,373.94, MLO
2002,10,37544,2002.789,370.18,373.59,370.35,373.75,370.18,373.59, MLO
2002,11,37575,2002.874,372.01,374.15,371.87,373.98,372.01,374.15, MLO
2002,12,37605,2002.9562,373.71,374.58,373.35,374.21,373.71,374.58, MLO
2003,1,37636,2003.0411,374.61,374.55,374.51,374.43,374.61,374.55, MLO
2003,2,37667,2003.126,375.55,374.81,375.4,374.65,375.55,374.81, MLO
2003,3,37695,2003.2027,376.04,374.58,376.32,374.85,376.04,374.58, MLO
2003,4,37726,2003.2877,377.58,374.95,377.7,375.06,377.58,374.95, MLO
2003,5,37756,2003.3699,378.28,375.06,378.48,375.26,378.28,375.06, MLO
2003,6,37787,2003.4548,378.07,375.62,377.89,375.47,378.07,375.62, MLO
2003,7,37817,2003.537,376.54,375.78,376.39,375.66,376.54,375.78, MLO
2003,8,37848,2003.6219,374.42,375.9,374.33,375.85,374.42,375.9, MLO
2003,9,37879,2003.7068,372.92,376.24,372.7,376.03,372.92,376.24, MLO
2003,10,37909,2003.789,372.94,376.36,372.79,376.2,372.94,376.36, MLO
2003,11,37940,2003.874,374.29,376.43,374.24,376.36,374.29,376.43, MLO
2003,12,37970,2003.9562,375.63,376.5,375.65,376.5,375.63,376.5, MLO
2004,1,38001,2004.041,376.73,376.66,376.72,376.64,376.73,376.66, MLO
2004,2,38032,2004.1257,377.31,376.57,377.53,376.78,377.31,376.57, MLO
2004,3,38061,2004.2049,378.33,376.85,378.4,376.9,378.33,376.85, MLO
2004,4,38092,2004.2896,380.44,377.78,379.69,377.02,380.44,377.78, MLO
2004,5,38122,2004.3716,380.56,377.33,380.36,377.13,380.56,377.33, MLO
2004,6,38153,2004.4563,379.49,377.06,379.66,377.25,379.49,377.06, MLO
2004,7,38183,2004.5383,377.71,376.97,378.07,377.38,377.71,376.97, MLO
2004,8,38214,2004.623,375.77,377.28,375.96,377.51,375.77,377.28, MLO
2004,9,38245,2004.7077,373.99,377.33,374.31,377.66,373.99,377.33, MLO
2004,10,38275,2004.7896,374.17,377.6,374.41,377.83,374.17,377.6, MLO
2004,11,38306,2004.8743,375.79,377.94,375.89,378.01,375.79,377.94, MLO
2004,12,38336,2004.9563,377.39,378.27,377.34,378.2,377.39,378.27, MLO
2005,1,38367,2005.0411,378.29,378.22,378.48,378.4,378.29,378.22, MLO
2005,2,38398,2005.126,379.56,378.81,379.37,378.62,379.56,378.81, MLO
2005,3,38426,2005.2027,380.07,378.6,380.3,378.81,380.07,378.6, MLO
2005,4,38457,2005.2877,382.01,379.38,381.69,379.04,382.01,379.38, MLO
2005,5,38487,2005.3699,382.21,378.97,382.49,379.25,382.21,378.97, MLO
2005,6,38518,2005.4548,382.05,379.59,381.91,379.47,382.05,379.59, MLO
2005,7,38548,2005.537,380.63,379.87,380.42,379.68,380.63,379.87, MLO
2005,8,38579,2005.6219,378.63,380.12,378.37,379.9,378.63,380.12, MLO
2005,9,38610,2005.7068,376.39,379.72,376.75,380.11,376.39,379.72, MLO
2005,10,38640,2005.789,376.77,380.21,376.88,380.31,376.77,380.21, MLO
2005,11,38671,2005.874,378.27,380.43,378.37,380.5,378.27,380.43, MLO
2005,12,38701,2005.9562,379.93,380.8,379.83,380.69,379.93,380.8, MLO
2006,1,38732,2006.0411,381.33,381.27,380.95,380.87,381.33,381.27, MLO
2006,2,38763,2006.126,381.98,381.24,381.8,381.05,381.98,381.24, MLO
2006,3,38791,2006.2027,382.53,381.06,382.68,381.2,382.53,381.06, MLO
2006,4,38822,2006.2877,384.33,381.69,384.02,381.35,384.33,381.69, MLO
2006,5,38852,2006.3699,384.89,381.65,384.74,381.5,384.89,381.65, MLO
2006,6,38883,2006.4548,384,381.53,384.09,381.65,384,381.53, MLO
2006,7,38913,2006.537,382.25,381.48,382.52,381.79,382.25,381.48, MLO
2006,8,38944,2006.6219,380.44,381.93,380.41,381.94,380.44,381.93, MLO
2006,9,38975,2006.7068,378.77,382.11,378.72,382.09,378.77,382.11, MLO
2006,10,39005,2006.789,379.03,382.48,378.8,382.23,379.03,382.48, MLO
2006,11,39036,2006.874,380.11,382.27,380.25,382.38,380.11,382.27, MLO
2006,12,39066,2006.9562,381.63,382.51,381.66,382.53,381.63,382.51, MLO
2007,1,39097,2007.0411,382.55,382.49,382.76,382.68,382.55,382.49, MLO
2007,2,39128,2007.126,383.68,382.94,383.59,382.84,383.68,382.94, MLO
2007,3,39156,2007.2027,384.31,382.83,384.47,382.98,384.31,382.83, MLO
2007,4,39187,2007.2877,386.2,383.55,385.81,383.14,386.2,383.55, MLO
2007,5,39217,2007.3699,386.38,383.13,386.55,383.3,386.38,383.13, MLO
2007,6,39248,2007.4548,385.85,383.37,385.91,383.46,385.85,383.37, MLO
2007,7,39278,2007.537,384.42,383.65,384.35,383.61,384.42,383.65, MLO
2007,8,39309,2007.6219,381.81,383.31,382.25,383.78,381.81,383.31, MLO
2007,9,39340,2007.7068,380.83,384.19,380.57,383.94,380.83,384.19, MLO
2007,10,39370,2007.789,380.83,384.29,380.65,384.1,380.83,384.29, MLO
2007,11,39401,2007.874,382.32,384.49,382.11,384.25,382.32,384.49, MLO
2007,12,39431,2007.9562,383.58,384.46,383.54,384.4,383.58,384.46, MLO
2008,1,39462,2008.041,385.04,384.98,384.62,384.55,385.04,384.98, MLO
2008,2,39493,2008.1257,385.81,385.06,385.45,384.7,385.81,385.06, MLO
2008,3,39522,2008.2049,385.8,384.3,386.36,384.83,385.8,384.3, MLO
2008,4,39553,2008.2896,386.74,384.05,387.69,384.99,386.74,384.05, MLO
2008,5,39583,2008.3716,388.48,385.22,388.41,385.15,388.48,385.22, MLO
2008,6,39614,2008.4563,388.02,385.57,387.75,385.31,388.02,385.57, MLO
2008,7,39644,2008.5383,386.22,385.48,386.18,385.48,386.22,385.48, MLO
2008,8,39675,2008.623,384.05,385.58,384.08,385.65,384.05,385.58, MLO
2008,9,39706,2008.7077,383.05,386.43,382.42,385.81,383.05,386.43, MLO
2008,10,39736,2008.7896,382.75,386.21,382.52,385.97,382.75,386.21, MLO
2008,11,39767,2008.8743,383.98,386.15,383.99,386.13,383.98,386.15, MLO
2008,12,39797,2008.9563,385.08,385.97,385.41,386.28,385.08,385.97, MLO
2009,1,39828,2009.0411,386.63,386.56,386.51,386.44,386.63,386.56, MLO
2009,2,39859,2009.126,387.1,386.35,387.36,386.6,387.1,386.35, MLO
2009,3,39887,2009.2027,388.5,387.02,388.24,386.74,388.5,387.02, MLO
2009,4,39918,2009.2877,389.54,386.88,389.6,386.91,389.54,386.88, MLO
2009,5,39948,2009.3699,390.15,386.88,390.35,387.08,390.15,386.88, MLO
2009,6,39979,2009.4548,389.6,387.11,389.73,387.27,389.6,387.11, MLO
2009,7,40009,2009.537,388.05,387.28,388.19,387.45,388.05,387.28, MLO
2009,8,40040,2009.6219,386.06,387.57,386.11,387.66,386.06,387.57, MLO
2009,9,40071,2009.7068,384.64,388.01,384.48,387.87,384.64,388.01, MLO
2009,10,40101,2009.789,384.32,387.8,384.62,388.08,384.32,387.8, MLO
2009,11,40132,2009.874,386.05,388.23,386.15,388.3,386.05,388.23, MLO
2009,12,40162,2009.9562,387.48,388.37,387.66,388.53,387.48,388.37, MLO
2010,1,40193,2010.0411,388.55,388.49,388.83,388.76,388.55,388.49, MLO
2010,2,40224,2010.126,390.08,389.33,389.75,388.98,390.08,389.33, MLO
2010,3,40252,2010.2027,391.02,389.54,390.69,389.18,391.02,389.54, MLO
2010,4,40283,2010.2877,392.39,389.71,392.08,389.39,392.39,389.71, MLO
2010,5,40313,2010.3699,393.24,389.96,392.86,389.59,393.24,389.96, MLO
2010,6,40344,2010.4548,392.26,389.76,392.25,389.77,392.26,389.76, MLO
2010,7,40374,2010.537,390.35,389.57,390.69,389.95,390.35,389.57, MLO
2010,8,40405,2010.6219,388.53,390.04,388.58,390.12,388.53,390.04, MLO
2010,9,40436,2010.7068,386.85,390.23,386.89,390.29,386.85,390.23, MLO
2010,10,40466,2010.789,387.18,390.67,386.97,390.44,387.18,390.67, MLO
2010,11,40497,2010.874,388.69,390.88,388.44,390.59,388.69,390.88, MLO
2010,12,40527,2010.9562,389.83,390.72,389.86,390.73,389.83,390.72, MLO
2011,1,40558,2011.0411,391.33,391.26,390.95,390.87,391.33,391.26, MLO
2011,2,40589,2011.126,391.96,391.21,391.77,391.01,391.96,391.21, MLO
2011,3,40617,2011.2027,392.49,391,392.63,391.13,392.49,391, MLO
2011,4,40648,2011.2877,393.4,390.72,393.96,391.27,393.4,390.72, MLO
2011,5,40678,2011.3699,394.33,391.04,394.7,391.41,394.33,391.04, MLO
2011,6,40709,2011.4548,393.75,391.24,394.05,391.57,393.75,391.24, MLO
2011,7,40739,2011.537,392.64,391.87,392.48,391.74,392.64,391.87, MLO
2011,8,40770,2011.6219,390.25,391.76,390.36,391.91,390.25,391.76, MLO
2011,9,40801,2011.7068,389.05,392.44,388.69,392.09,389.05,392.44, MLO
2011,10,40831,2011.789,388.98,392.48,388.79,392.27,388.98,392.48, MLO
2011,11,40862,2011.874,390.3,392.49,390.29,392.46,390.3,392.49, MLO
2011,12,40892,2011.9562,391.86,392.75,391.77,392.64,391.86,392.75, MLO
2012,1,40923,2012.041,393.13,393.07,392.91,392.83,393.13,393.07, MLO
2012,2,40954,2012.1257,393.42,392.66,393.79,393.02,393.42,392.66, MLO
2012,3,40983,2012.2049,394.43,392.91,394.75,393.21,394.43,392.91, MLO
2012,4,41014,2012.2896,396.51,393.79,396.14,393.41,396.51,393.79, MLO
2012,5,41044,2012.3716,396.96,393.66,396.91,393.62,396.96,393.66, MLO
2012,6,41075,2012.4563,395.97,393.49,396.3,393.84,395.97,393.49, MLO
2012,7,41105,2012.5383,394.6,393.86,394.77,394.06,394.6,393.86, MLO
2012,8,41136,2012.623,392.61,394.15,392.71,394.29,392.61,394.15, MLO
2012,9,41167,2012.7077,391.2,394.61,391.11,394.53,391.2,394.61, MLO
2012,10,41197,2012.7896,391.09,394.59,391.28,394.77,391.09,394.59, MLO
2012,11,41228,2012.8743,393.03,395.21,392.85,395.01,393.03,395.21, MLO
2012,12,41258,2012.9563,394.42,395.31,394.37,395.24,394.42,395.31, MLO
2013,1,41289,2013.0411,395.69,395.63,395.56,395.48,395.69,395.63, MLO
2013,2,41320,2013.126,396.94,396.18,396.48,395.71,396.94,396.18, MLO
2013,3,41348,2013.2027,397.36,395.86,397.42,395.91,397.36,395.86, MLO
2013,4,41379,2013.2877,398.44,395.75,398.83,396.12,398.44,395.75, MLO
2013,5,41409,2013.3699,400.06,396.76,399.63,396.32,400.06,396.76, MLO
2013,6,41440,2013.4548,398.96,396.44,399.02,396.52,398.96,396.44, MLO
2013,7,41470,2013.537,397.45,396.67,397.46,396.71,397.45,396.67, MLO
2013,8,41501,2013.6219,395.48,397,395.35,396.91,395.48,397, MLO
2013,9,41532,2013.7068,393.47,396.88,393.67,397.09,393.47,396.88, MLO
2013,10,41562,2013.789,393.77,397.29,393.77,397.27,393.77,397.29, MLO
2013,11,41593,2013.874,395.27,397.47,395.28,397.45,395.27,397.47, MLO
2013,12,41623,2013.9562,396.9,397.8,396.75,397.63,396.9,397.8, MLO
2014,1,41654,2014.0411,398.01,397.94,397.88,397.8,398.01,397.94, MLO
2014,2,41685,2014.126,398.18,397.42,398.75,397.97,398.18,397.42, MLO
2014,3,41713,2014.2027,399.56,398.06,399.65,398.13,399.56,398.06, MLO
2014,4,41744,2014.2877,401.43,398.73,401.02,398.3,401.43,398.73, MLO
2014,5,41774,2014.3699,401.98,398.67,401.77,398.45,401.98,398.67, MLO
2014,6,41805,2014.4548,401.41,398.89,401.11,398.61,401.41,398.89, MLO
2014,7,41835,2014.537,399.17,398.38,399.52,398.77,399.17,398.38, MLO
2014,8,41866,2014.6219,397.3,398.82,397.37,398.93,397.3,398.82, MLO
2014,9,41897,2014.7068,395.49,398.9,395.65,399.09,395.49,398.9, MLO
2014,10,41927,2014.789,395.74,399.26,395.74,399.25,395.74,399.26, MLO
2014,11,41958,2014.874,397.32,399.52,397.24,399.42,397.32,399.52, MLO
2014,12,41988,2014.9562,398.89,399.79,398.7,399.58,398.89,399.79, MLO
2015,1,42019,2015.0411,399.94,399.88,399.83,399.76,399.94,399.88, MLO
2015,2,42050,2015.126,400.4,399.63,400.71,399.94,400.4,399.63, MLO
2015,3,42078,2015.2027,401.6,400.09,401.63,400.1,401.6,400.09, MLO
2015,4,42109,2015.2877,403.52,400.82,403.03,400.3,403.52,400.82, MLO
2015,5,42139,2015.3699,404.03,400.71,403.82,400.5,404.03,400.71, MLO
2015,6,42170,2015.4548,402.81,400.28,403.22,400.72,402.81,400.28, MLO
2015,7,42200,2015.537,401.54,400.75,401.7,400.95,401.54,400.75, MLO
2015,8,42231,2015.6219,398.93,400.45,399.64,401.21,398.93,400.45, MLO
2015,9,42262,2015.7068,397.43,400.86,398.05,401.49,397.43,400.86, MLO
2015,10,42292,2015.789,398.22,401.75,398.27,401.79,398.22,401.75, MLO
2015,11,42323,2015.874,400.17,402.38,399.91,402.1,400.17,402.38, MLO
2015,12,42353,2015.9562,401.82,402.72,401.53,402.41,401.82,402.72, MLO
2016,1,42384,2016.041,402.57,402.5,402.8,402.72,402.57,402.5, MLO
2016,2,42415,2016.1257,404.1,403.33,403.81,403.03,404.1,403.33, MLO
2016,3,42444,2016.2049,404.79,403.26,404.87,403.31,404.79,403.26, MLO
2016,4,42475,2016.2896,407.48,404.74,406.35,403.59,407.48,404.74, MLO
2016,5,42505,2016.3716,407.6,404.26,407.17,403.84,407.6,404.26, MLO
2016,6,42536,2016.4563,406.94,404.44,406.57,404.08,406.94,404.44, MLO
2016,7,42566,2016.5383,404.43,403.68,405.02,404.3,404.43,403.68, MLO
2016,8,42597,2016.623,402.16,403.72,402.93,404.53,402.16,403.72, MLO
2016,9,42628,2016.7077,400.94,404.39,401.28,404.75,400.94,404.39, MLO
2016,10,42658,2016.7896,401.43,404.97,401.43,404.96,401.43,404.97, MLO
2016,11,42689,2016.8743,403.57,405.78,402.98,405.17,403.57,405.78, MLO
2016,12,42719,2016.9563,404.49,405.39,404.48,405.36,404.49,405.39, MLO
2017,1,42750,2017.0411,406,405.93,405.63,405.55,406,405.93, MLO
2017,2,42781,2017.126,406.57,405.8,406.51,405.74,406.57,405.8, MLO
2017,3,42809,2017.2027,406.99,405.48,407.43,405.9,406.99,405.48, MLO
2017,4,42840,2017.2877,408.88,406.16,408.81,406.07,408.88,406.16, MLO
2017,5,42870,2017.3699,409.84,406.5,409.57,406.23,409.84,406.5, MLO
2017,6,42901,2017.4548,409.04,406.5,408.91,406.39,409.04,406.5, MLO
2017,7,42931,2017.537,407.14,406.35,407.3,406.54,407.14,406.35, MLO
2017,8,42962,2017.6219,405.19,406.73,405.12,406.7,405.19,406.73, MLO
2017,9,42993,2017.7068,403.2,406.65,403.39,406.85,403.2,406.65, MLO
2017,10,43023,2017.789,403.56,407.12,403.47,407,403.56,407.12, MLO
2017,11,43054,2017.874,405.1,407.32,404.96,407.16,405.1,407.32, MLO
2017,12,43084,2017.9562,406.68,407.58,406.42,407.31,406.68,407.58, MLO
2018,1,43115,2018.0411,407.98,407.91,407.54,407.47,407.98,407.91, MLO
2018,2,43146,2018.126,408.35,407.58,408.41,407.63,408.35,407.58, MLO
2018,3,43174,2018.2027,409.21,407.69,409.31,407.78,409.21,407.69, MLO
2018,4,43205,2018.2877,410.23,407.5,410.71,407.96,410.23,407.5, MLO
2018,5,43235,2018.3699,411.23,407.88,411.5,408.15,411.23,407.88, MLO
2018,6,43266,2018.4548,410.81,408.26,410.89,408.37,410.81,408.26, MLO
2018,7,43296,2018.537,408.83,408.04,409.35,408.6,408.83,408.04, MLO
2018,8,43327,2018.6219,407.02,408.56,407.27,408.85,407.02,408.56, MLO
2018,9,43358,2018.7068,405.53,408.99,405.64,409.12,405.53,408.99, MLO
2018,10,43388,2018.789,405.93,409.49,405.83,409.38,405.93,409.49, MLO
2018,11,43419,2018.874,408.05,410.28,407.45,409.65,408.05,410.28, MLO
2018,12,43449,2018.9562,409.16,410.07,409.02,409.91,409.16,410.07, MLO
2019,1,43480,2019.0411,410.85,410.79,410.24,410.17,410.85,410.79, MLO
2019,2,43511,2019.126,411.58,410.81,411.19,410.41,411.58,410.81, MLO
2019,3,43539,2019.2027,411.9,410.38,412.17,410.63,411.9,410.38, MLO
2019,4,43570,2019.2877,413.46,410.73,413.61,410.85,413.46,410.73, MLO
2019,5,43600,2019.3699,414.75,411.4,414.43,411.07,414.75,411.4, MLO
2019,6,43631,2019.4548,413.89,411.34,413.82,411.29,413.89,411.34, MLO
2019,7,43661,2019.537,411.79,411,412.27,411.51,411.79,411, MLO
2019,8,43692,2019.6219,410.02,411.57,410.15,411.73,410.02,411.57, MLO
2019,9,43723,2019.7068,408.48,411.94,408.47,411.95,408.48,411.94, MLO
2019,10,43753,2019.789,408.4,411.97,408.61,412.17,408.4,411.97, MLO
2019,11,43784,2019.874,410.16,412.39,410.18,412.39,410.16,412.39, MLO
2019,12,43814,2019.9562,411.81,412.72,411.71,412.6,411.81,412.72, MLO
2020,1,43845,2020.041,413.32,413.25,412.9,412.82,413.32,413.25, MLO
2020,2,43876,2020.1257,414.04,413.27,413.81,413.03,414.04,413.27, MLO
2020,3,43905,2020.2049,414.44,412.89,414.8,413.22,414.44,412.89, MLO
2020,4,43936,2020.2896,416.11,413.34,416.22,413.43,416.11,413.34, MLO
2020,5,43966,2020.3716,417.16,413.79,416.99,413.62,417.16,413.79, MLO
2020,6,43997,2020.4563,416.29,413.76,416.34,413.83,416.29,413.76, MLO
2020,7,44027,2020.5383,414.43,413.66,414.75,414.02,414.43,413.66, MLO
2020,8,44058,2020.623,412.52,414.1,412.6,414.22,412.52,414.1, MLO
2020,9,44089,2020.7077,411.17,414.65,410.92,414.42,411.17,414.65, MLO
2020,10,44119,2020.7896,411.12,414.7,411.05,414.61,411.12,414.7, MLO
2020,11,44150,2020.8743,412.89,415.12,412.58,414.79,412.89,415.12, MLO
2020,12,44180,2020.9563,413.88,414.79,414.08,414.97,413.88,414.79, MLO
2021,1,44211,2021.0411,415.15,415.08,415.23,415.15,415.15,415.08, MLO
2021,2,44242,2021.126,416.47,415.69,416.11,415.33,416.47,415.69, MLO
2021,3,44270,2021.2027,417.1,415.57,417.03,415.48,417.1,415.57, MLO
2021,4,44301,2021.2877,418.26,415.51,418.42,415.65,418.26,415.51, MLO
2021,5,44331,2021.3699,418.95,415.57,419.2,415.82,418.95,415.57, MLO
2021,6,44362,2021.4548,418.7,416.13,418.54,416,418.7,416.13, MLO
2021,7,44392,2021.537,416.66,415.86,416.93,416.17,416.66,415.86, MLO
2021,8,44423,2021.6219,414.38,415.93,414.77,416.36,414.38,415.93, MLO
2021,9,44454,2021.7068,412.93,416.41,413.05,416.54,412.93,416.41, MLO
2021,10,44484,2021.789,413.52,417.11,413.15,416.73,413.52,417.11, MLO
2021,11,44515,2021.874,414.81,417.06,414.69,416.91,414.81,417.06, MLO
2021,12,44545,2021.9562,416.43,417.35,416.18,417.08,416.43,417.35, MLO
2022,1,44576,2022.0411,418.01,417.94,417.32,417.24,418.01,417.94, MLO
2022,2,44607,2022.126,418.99,418.21,418.19,417.4,418.99,418.21, MLO
2022,3,44635,2022.2027,418.45,416.91,419.08,417.53,418.45,416.91, MLO
2022,4,44666,2022.2877,420.01,417.25,420.46,417.68,420.01,417.25, MLO
2022,5,44696,2022.3699,420.78,417.39,421.22,417.83,420.78,417.39, MLO
2022,6,44727,2022.4548,420.68,418.11,420.55,418,420.68,418.11, MLO
2022,7,44757,2022.537,418.71,417.91,418.94,418.17,418.71,417.91, MLO
2022,8,44788,2022.6219,416.75,418.3,416.76,418.35,416.75,418.3, MLO
2022,9,44819,2022.7068,415.42,418.91,415.04,418.55,415.42,418.91, MLO
2022,10,44849,2022.789,415.31,418.91,415.15,418.74,415.31,418.91, MLO
2022,11,44880,2022.874,417.03,419.28,416.71,418.94,417.03,419.28, MLO
2022,12,44910,2022.9562,418.46,419.38,418.24,419.14,418.46,419.38, MKO
2023,1,44941,2023.0411,419.13,419.06,419.44,419.36,419.13,419.06, MKO
2023,2,44972,2023.126,420.33,419.56,420.39,419.6,420.33,419.56, MKO
2023,3,45000,2023.2027,420.51,418.97,421.38,419.82,420.51,418.97, MLO
2023,4,45031,2023.2877,422.73,419.97,422.87,420.09,422.73,419.97, MLO
2023,5,45061,2023.3699,423.78,420.38,423.75,420.36,423.78,420.38, MLO
2023,6,45092,2023.4548,423.39,420.81,423.21,420.65,423.39,420.81, MLO
2023,7,45122,2023.537,421.62,420.82,421.71,420.94,421.62,420.82, MLO
2023,8,45153,2023.6219,419.56,421.12,419.65,421.25,419.56,421.12, MLO
2023,9,45184,2023.7068,418.06,421.56,418.04,421.56,418.06,421.56, MLO
2023,10,45214,2023.789,418.41,422.01,418.27,421.86,418.41,422.01, MLO
2023,11,45245,2023.874,420.11,422.37,419.94,422.17,420.11,422.37, MLO
2023,12,45275,2023.9562,421.65,422.57,421.56,422.46,421.65,422.57, MLO
2024,1,45306,2024.041,422.62,422.55,422.84,422.76,422.62,422.55, MLO
2024,2,45337,2024.1257,424.34,423.56,423.84,423.05,424.34,423.56, MLO
2024,3,45366,2024.2049,425.22,423.65,424.91,423.32,425.22,423.65, MLO
2024,4,45397,2024.2896,426.3,423.5,426.43,423.61,426.3,423.5, MLO
2024,5,45427,2024.3716,426.7,423.3,427.28,423.88,426.7,423.3, MLO
2024,6,45458,2024.4563,426.62,424.06,426.71,424.17,426.62,424.06, MLO
2024,7,45488,2024.5383,425.4,424.63,425.19,424.46,425.4,424.63, MLO
2024,8,45519,2024.623,422.7,424.3,423.12,424.75,422.7,424.3, MLO
2024,9,45550,2024.7077,421.59,425.11,421.52,425.06,421.59,425.11, MLO
2024,10,45580,2024.7896,422.05,425.66,421.76,425.36,422.05,425.66, MLO
2024,11,45611,2024.8743,423.61,425.87,423.43,425.66,423.61,425.87, MLO
2024,12,45641,2024.9563,425,425.92,425.05,425.96,425,425.92, MLO
2025,1,45672,2025.0411,426.43,426.36,426.34,426.26,426.43,426.36, MLO

